subject_id,method,SCL_mean_delta
10,custom,-0.02211822375407263
4,custom,0.7658641947711754
6,custom,-0.143619517189104
9,custom,-0.840623019196921
