subject_id,method,HR_mean_delta
10,custom,4.39549297295297
4,custom,8.146655935759211
6,custom,10.564044093007372
9,custom,10.684989337194052
