subject_id,method,PVA_mean_delta
10,custom,1.351569447163832
4,custom,-3.165222055532611
6,custom,9.586249200251583
9,custom,10.515425826211066
