ok,n_beats,mean_HR_bpm,SDNN_s,RMSSD_s,pNN50_percent,LF_power,HF_power,LF_HF_ratio
True,325,82.76748420263468,0.1648124872303672,0.1819385487301103,36.13707165109034,0.011135519478156221,0.006447568510753226,1.7270881976026236
