ok,n_beats,mean_HR_bpm,SDNN_s,RMSSD_s,pNN50_percent,LF_power,HF_power,LF_HF_ratio
True,467,112.6158232359229,0.15004598879494752,0.20412932598205455,51.776649746192895,0.0029702704151107614,0.0053705787930683055,0.5530633716694424
