ok,n_beats,mean_HR_bpm,SDNN_s,RMSSD_s,pNN50_percent,LF_power,HF_power,LF_HF_ratio
True,334,83.39962319447352,0.103027307925762,0.11176116907220845,33.53474320241692,0.004778967555796641,0.0011317289538309656,4.222713874748516
