ok,n_beats,mean_HR_bpm,SDNN_s,RMSSD_s,pNN50_percent,LF_power,HF_power,LF_HF_ratio
True,298,78.3078307830783,0.23357887745640707,0.31200739721512094,59.86159169550172,0.020515912588621857,0.013521788591419932,1.5172484357313463
