ok,n_beats,mean_HR_bpm,SDNN_s,RMSSD_s,pNN50_percent,LF_power,HF_power,LF_HF_ratio
True,355,86.84295043357238,0.23303028787813276,0.31042112680098155,79.52522255192879,0.006188017963540894,0.014187863373427829,0.4361486857232014
