ok,n_beats,mean_HR_bpm,SDNN_s,RMSSD_s,pNN50_percent,LF_power,HF_power,LF_HF_ratio
True,332,82.34797297297298,0.12280639338572852,0.10589310065076091,50.617283950617285,0.0039719447226063,0.0030126156752345585,1.31843724881935
