ok,n_beats,mean_HR_bpm,SDNN_s,RMSSD_s,pNN50_percent,LF_power,HF_power,LF_HF_ratio
True,380,91.65232358003443,0.246141586797465,0.3460404559804273,85.31073446327684,0.007271166364614118,0.014865597672993851,0.48912707881389506
