ok,n_beats,mean_HR_bpm,SDNN_s,RMSSD_s,pNN50_percent,LF_power,HF_power,LF_HF_ratio
True,342,84.21498992897276,0.14589554459670237,0.18268825906444883,46.666666666666664,0.005588526502394927,0.0038872965657890312,1.4376383195400955
