ok,n_beats,mean_HR_bpm,SDNN_s,RMSSD_s,pNN50_percent,LF_power,HF_power,LF_HF_ratio
True,193,79.31456548347612,0.16924716260208625,0.22411172175900618,67.5531914893617,0.0016498281269061556,0.0028701532241162077,0.5748223171653768
