ok,n_beats,mean_HR_bpm,SDNN_s,RMSSD_s,pNN50_percent,LF_power,HF_power,LF_HF_ratio
True,646,152.3655479175086,0.11089539052909965,0.15568568307616815,57.446808510638306,0.0006136728334378176,0.00184864910566646,0.3319574447940358
