ok,n_beats,mean_HR_bpm,SDNN_s,RMSSD_s,pNN50_percent,LF_power,HF_power,LF_HF_ratio
True,673,156.55704425497296,0.10028901706845511,0.12206534325904075,53.638253638253644,0.0005456773122979004,0.0011656601495941051,0.46812727748127175
