ok,n_beats,mean_HR_bpm,SDNN_s,RMSSD_s,pNN50_percent,LF_power,HF_power,LF_HF_ratio
True,318,79.70665269774751,0.05648484111587362,0.0635668441161436,39.24050632911392,0.0005085475856798595,0.00043201537990759193,1.1771515768458007
