group,n_beats,mean_HR_bpm,SDNN_s,RMSSD_s,pNN50_percent,LF_power,HF_power,LF_HF_ratio
conventional,370.5,94.04765399442225,0.16911002476364484,0.22367087263815105,60.529694006740485,0.005153968483780937,0.007848522706885287,0.6900280533647719
vr_high,446.3333333333333,105.05763371570248,0.12944415731537187,0.16053529993700025,44.09722837247483,0.004559586062272033,0.003956838622836067,0.8878669473128092
vr_low,395.375,97.19188827516476,0.10048171293001701,0.12216347974200503,43.24372956129495,0.0024013157883509377,0.0029542345608770375,1.2715013181917305
