group,n_beats,mean_HR_bpm,SDNN_s,RMSSD_s,pNN50_percent,LF_power,HF_power,LF_HF_ratio
conventional,106.6655208271789,23.000592531030907,0.05171763486211908,0.07402810293696177,15.81400678975546,0.003608297732616189,0.005776636840458609,0.6125967255154088
vr_high,124.29843120490298,25.30849577836846,0.04327610376738967,0.04330303691640171,16.452660749768096,0.003480346228461186,0.0022141446531141274,0.4076252438662056
vr_low,55.86993824947366,12.298708378514327,0.09800021450097403,0.1350570991851989,22.459328187364967,0.00801582082584983,0.011734138649580915,1.380365634569075
