ok,n_beats,mean_HR_bpm,SDNN_s,RMSSD_s,pNN50_percent,LF_power,HF_power,LF_HF_ratio
True,415,83.96442185514611,0.106610738546043,0.1113819850870946,32.03883495145632,0.0040771372815707,0.0009270221763305,4.398101130341357
