ok,n_beats,mean_HR_bpm,SDNN_s,RMSSD_s,pNN50_percent,LF_power,HF_power,LF_HF_ratio
True,493,112.09386281588436,0.1546504358852041,0.21202499966810695,53.26876513317191,0.0029711028593969123,0.00536328203420919,0.5539710275249394
