ok,n_beats,mean_HR_bpm,SDNN_s,RMSSD_s,pNN50_percent,LF_power,HF_power,LF_HF_ratio
True,366,90.75205392879714,0.07019887461246478,0.07376781102983866,25.139664804469277,0.0004886055883154812,0.0007080501234911339,0.6900720331865029
